{"Epoch": 0, "Train loss": 1060.636290428021, "Train Learning rate": 2e-05}
{"Epoch": 0, "Test loss": 698.8990548096633, "Test Learning rate": 2e-05}
{"Epoch": 1, "Train loss": 558.008601161673, "Train Learning rate": 2e-05}
{"Epoch": 1, "Test loss": 601.6046556658861, "Test Learning rate": 2e-05}
{"Epoch": 2, "Train loss": 500.25115622823415, "Train Learning rate": 2e-05}
{"Epoch": 2, "Test loss": 568.9651246028993, "Test Learning rate": 2e-05}
{"Epoch": 3, "Train loss": 479.5923400869213, "Train Learning rate": 2e-05}
{"Epoch": 3, "Test loss": 645.1208471702948, "Test Learning rate": 2e-05}
{"Epoch": 4, "Train loss": 476.08447816501894, "Train Learning rate": 2e-05}
{"Epoch": 4, "Test loss": 582.6210937402307, "Test Learning rate": 2e-05}
{"Epoch": 5, "Train loss": 459.8630309992587, "Train Learning rate": 2e-05}
{"Epoch": 5, "Test loss": 512.1681590478013, "Test Learning rate": 2e-05}
{"Epoch": 6, "Train loss": 453.1198307910096, "Train Learning rate": 2e-05}
{"Epoch": 6, "Test loss": 546.781605163202, "Test Learning rate": 2e-05}
{"Epoch": 7, "Train loss": 436.1832569285515, "Train Learning rate": 2e-05}
{"Epoch": 7, "Test loss": 523.8817990628685, "Test Learning rate": 2e-05}
{"Epoch": 8, "Train loss": 446.72894238991944, "Train Learning rate": 2e-05}
{"Epoch": 8, "Test loss": 511.54022709683676, "Test Learning rate": 2e-05}
{"Epoch": 9, "Train loss": 442.87081483357576, "Train Learning rate": 2e-05}
{"Epoch": 9, "Test loss": 497.64057032515365, "Test Learning rate": 2e-05}
{"Epoch": 10, "Train loss": 452.4136463462907, "Train Learning rate": 2e-05}
{"Epoch": 10, "Test loss": 472.94787420179784, "Test Learning rate": 2e-05}
{"Epoch": 11, "Train loss": 422.8078252040478, "Train Learning rate": 2e-05}
{"Epoch": 11, "Test loss": 513.1910368858896, "Test Learning rate": 2e-05}
{"Epoch": 12, "Train loss": 422.27508287451565, "Train Learning rate": 2e-05}
{"Epoch": 12, "Test loss": 537.639978189701, "Test Learning rate": 2e-05}
{"Epoch": 13, "Train loss": 411.83407053042293, "Train Learning rate": 2e-05}
{"Epoch": 13, "Test loss": 502.2855638201644, "Test Learning rate": 2e-05}
{"Epoch": 14, "Train loss": 429.80212217393114, "Train Learning rate": 2e-05}
{"Epoch": 14, "Test loss": 477.58547332600847, "Test Learning rate": 2e-05}
{"Epoch": 15, "Train loss": 425.44441674673465, "Train Learning rate": 2e-05}
{"Epoch": 15, "Test loss": 527.7378765536517, "Test Learning rate": 2e-05}
{"Epoch": 16, "Train loss": 443.43071297821035, "Train Learning rate": 2e-05}
{"Epoch": 16, "Test loss": 505.65998411643795, "Test Learning rate": 2e-05}
{"Epoch": 17, "Train loss": 443.5346720457614, "Train Learning rate": 2e-05}
{"Epoch": 17, "Test loss": 458.76280481105897, "Test Learning rate": 2e-05}
{"Epoch": 18, "Train loss": 439.4598675332421, "Train Learning rate": 2e-05}
{"Epoch": 18, "Test loss": 456.6929637594921, "Test Learning rate": 2e-05}
{"Epoch": 19, "Train loss": 437.82112007281967, "Train Learning rate": 2e-05}
{"Epoch": 19, "Test loss": 546.7898686367128, "Test Learning rate": 2e-05}
{"Epoch": 20, "Train loss": 436.73512248746874, "Train Learning rate": 2e-05}
{"Epoch": 20, "Test loss": 451.9057997222063, "Test Learning rate": 2e-05}
{"Epoch": 21, "Train loss": 431.8664081350234, "Train Learning rate": 2e-05}
{"Epoch": 21, "Test loss": 440.5589120399661, "Test Learning rate": 2e-05}
{"Epoch": 22, "Train loss": 410.0108621680873, "Train Learning rate": 2e-05}
{"Epoch": 22, "Test loss": 502.1144070225227, "Test Learning rate": 2e-05}
{"Epoch": 23, "Train loss": 408.7810008801911, "Train Learning rate": 2e-05}
{"Epoch": 23, "Test loss": 499.52357747310543, "Test Learning rate": 2e-05}
{"Epoch": 24, "Train loss": 420.10980361960975, "Train Learning rate": 2e-05}
{"Epoch": 24, "Test loss": 457.7331630036889, "Test Learning rate": 2e-05}
{"Epoch": 25, "Train loss": 400.4047500356244, "Train Learning rate": 2e-05}
{"Epoch": 25, "Test loss": 483.5674208199106, "Test Learning rate": 2e-05}
{"Epoch": 26, "Train loss": 412.9184552493995, "Train Learning rate": 2e-05}
{"Epoch": 26, "Test loss": 497.77920578991495, "Test Learning rate": 2e-05}
{"Epoch": 27, "Train loss": 408.00582195764036, "Train Learning rate": 2e-05}
{"Epoch": 27, "Test loss": 467.95272588427474, "Test Learning rate": 2e-05}
{"Epoch": 28, "Train loss": 428.0748694655829, "Train Learning rate": 2e-05}
{"Epoch": 28, "Test loss": 444.7400824686376, "Test Learning rate": 2e-05}
{"Epoch": 29, "Train loss": 409.6424696178559, "Train Learning rate": 2e-05}
{"Epoch": 29, "Test loss": 483.790321789253, "Test Learning rate": 2e-05}
