{"Epoch": 0, "Train loss": 0.031750666094772256, "Train Learning rate": 2e-05}
{"Epoch": 0, "Test loss": 0.0015683878715030803, "Test Learning rate": 2e-05}
{"Epoch": 1, "Train loss": 0.0008490117266853173, "Train Learning rate": 2e-05}
{"Epoch": 1, "Test loss": 0.001126939380667797, "Test Learning rate": 2e-05}
{"Epoch": 2, "Train loss": 0.0007261158260649972, "Train Learning rate": 2e-05}
{"Epoch": 2, "Test loss": 0.0009988598407334195, "Test Learning rate": 2e-05}
{"Epoch": 3, "Train loss": 0.0006620247717777314, "Train Learning rate": 2e-05}
{"Epoch": 3, "Test loss": 0.0011269610857579675, "Test Learning rate": 2e-05}
{"Epoch": 4, "Train loss": 0.000624653249066642, "Train Learning rate": 2e-05}
{"Epoch": 4, "Test loss": 0.0009566807416026345, "Test Learning rate": 2e-05}
{"Epoch": 5, "Train loss": 0.0005949680281917309, "Train Learning rate": 2e-05}
{"Epoch": 5, "Test loss": 0.0009423096096725203, "Test Learning rate": 2e-05}
{"Epoch": 6, "Train loss": 0.0005722244723433515, "Train Learning rate": 2e-05}
{"Epoch": 6, "Test loss": 0.000875847734608148, "Test Learning rate": 2e-05}
{"Epoch": 7, "Train loss": 0.0005535625274633564, "Train Learning rate": 2e-05}
{"Epoch": 7, "Test loss": 0.000855236299692301, "Test Learning rate": 2e-05}
{"Epoch": 8, "Train loss": 0.0005365960596285413, "Train Learning rate": 2e-05}
{"Epoch": 8, "Test loss": 0.0008534936862500816, "Test Learning rate": 2e-05}
{"Epoch": 9, "Train loss": 0.000520424224438095, "Train Learning rate": 2e-05}
{"Epoch": 9, "Test loss": 0.00089168894376177, "Test Learning rate": 2e-05}
{"Epoch": 10, "Train loss": 0.0005095862395269103, "Train Learning rate": 2e-05}
{"Epoch": 10, "Test loss": 0.0008440620623913695, "Test Learning rate": 2e-05}
{"Epoch": 11, "Train loss": 0.0004969314811875118, "Train Learning rate": 2e-05}
{"Epoch": 11, "Test loss": 0.0008550210505022622, "Test Learning rate": 2e-05}
{"Epoch": 12, "Train loss": 0.0004886111881102213, "Train Learning rate": 2e-05}
{"Epoch": 12, "Test loss": 0.0008101144923917984, "Test Learning rate": 2e-05}
{"Epoch": 13, "Train loss": 0.0004823064385298979, "Train Learning rate": 2e-05}
{"Epoch": 13, "Test loss": 0.0007890828447054401, "Test Learning rate": 2e-05}
{"Epoch": 14, "Train loss": 0.00047137429867217124, "Train Learning rate": 2e-05}
{"Epoch": 14, "Test loss": 0.0008231059498602252, "Test Learning rate": 2e-05}
{"Epoch": 15, "Train loss": 0.00046437080588802626, "Train Learning rate": 2e-05}
{"Epoch": 15, "Test loss": 0.000795112622407742, "Test Learning rate": 2e-05}
{"Epoch": 16, "Train loss": 0.0004574306273609388, "Train Learning rate": 2e-05}
{"Epoch": 16, "Test loss": 0.0008056320599990147, "Test Learning rate": 2e-05}
{"Epoch": 17, "Train loss": 0.0004522634582461725, "Train Learning rate": 2e-05}
{"Epoch": 17, "Test loss": 0.0008254774223811493, "Test Learning rate": 2e-05}
{"Epoch": 18, "Train loss": 0.0004438536614648036, "Train Learning rate": 2e-05}
{"Epoch": 18, "Test loss": 0.000782439084109572, "Test Learning rate": 2e-05}
{"Epoch": 19, "Train loss": 0.00043995821606403326, "Train Learning rate": 2e-05}
{"Epoch": 19, "Test loss": 0.0007828994151013165, "Test Learning rate": 2e-05}
{"Epoch": 20, "Train loss": 0.00043319478377614075, "Train Learning rate": 2e-05}
{"Epoch": 20, "Test loss": 0.0008034719485880399, "Test Learning rate": 2e-05}
{"Epoch": 21, "Train loss": 0.0004315453012778823, "Train Learning rate": 2e-05}
{"Epoch": 21, "Test loss": 0.0007950998598989384, "Test Learning rate": 2e-05}
{"Epoch": 22, "Train loss": 0.00042590442066571164, "Train Learning rate": 2e-05}
{"Epoch": 22, "Test loss": 0.0007713222816031392, "Test Learning rate": 2e-05}
{"Epoch": 23, "Train loss": 0.0004186781462373093, "Train Learning rate": 2e-05}
{"Epoch": 23, "Test loss": 0.0007717406826885985, "Test Learning rate": 2e-05}
{"Epoch": 24, "Train loss": 0.0004164404263789903, "Train Learning rate": 2e-05}
{"Epoch": 24, "Test loss": 0.0007956233600590367, "Test Learning rate": 2e-05}
{"Epoch": 25, "Train loss": 0.0004103761800097961, "Train Learning rate": 2e-05}
{"Epoch": 25, "Test loss": 0.0008063391960870542, "Test Learning rate": 2e-05}
{"Epoch": 26, "Train loss": 0.000409164431464179, "Train Learning rate": 2e-05}
{"Epoch": 26, "Test loss": 0.0007670473257468718, "Test Learning rate": 2e-05}
{"Epoch": 27, "Train loss": 0.0004049440857535891, "Train Learning rate": 2e-05}
{"Epoch": 27, "Test loss": 0.0007601907286827066, "Test Learning rate": 2e-05}
{"Epoch": 28, "Train loss": 0.00040329320002686003, "Train Learning rate": 2e-05}
{"Epoch": 28, "Test loss": 0.0007927496214084918, "Test Learning rate": 2e-05}
{"Epoch": 29, "Train loss": 0.0003962227031164905, "Train Learning rate": 2e-05}
{"Epoch": 29, "Test loss": 0.0007685128544143503, "Test Learning rate": 2e-05}
