{"Epoch": 0, "Train loss": 0.0008471382711929814, "Train Learning rate": 2e-05}
{"Epoch": 0, "Test loss": 0.0010663908892580899, "Test Learning rate": 2e-05}
{"Epoch": 1, "Train loss": 0.0006965152913040909, "Train Learning rate": 2e-05}
{"Epoch": 1, "Test loss": 0.0011225837824558101, "Test Learning rate": 2e-05}
{"Epoch": 2, "Train loss": 0.000644543287042549, "Train Learning rate": 2e-05}
{"Epoch": 2, "Test loss": 0.0009711527098154808, "Test Learning rate": 2e-05}
{"Epoch": 3, "Train loss": 0.0006106761664265266, "Train Learning rate": 2e-05}
{"Epoch": 3, "Test loss": 0.0009886425928952365, "Test Learning rate": 2e-05}
{"Epoch": 4, "Train loss": 0.0005837744435850788, "Train Learning rate": 2e-05}
{"Epoch": 4, "Test loss": 0.0008875933956821937, "Test Learning rate": 2e-05}
{"Epoch": 5, "Train loss": 0.0005612341201116841, "Train Learning rate": 2e-05}
{"Epoch": 5, "Test loss": 0.0008595162485981724, "Test Learning rate": 2e-05}
{"Epoch": 6, "Train loss": 0.0005454616247447583, "Train Learning rate": 2e-05}
{"Epoch": 6, "Test loss": 0.0008686947492774713, "Test Learning rate": 2e-05}
{"Epoch": 7, "Train loss": 0.0005337682888548262, "Train Learning rate": 2e-05}
{"Epoch": 7, "Test loss": 0.0008518952866391528, "Test Learning rate": 2e-05}
{"Epoch": 8, "Train loss": 0.0005214535819113413, "Train Learning rate": 2e-05}
{"Epoch": 8, "Test loss": 0.0008100130103908979, "Test Learning rate": 2e-05}
{"Epoch": 9, "Train loss": 0.0005111833912389634, "Train Learning rate": 2e-05}
{"Epoch": 9, "Test loss": 0.0008253747534657057, "Test Learning rate": 2e-05}
{"Epoch": 10, "Train loss": 0.0005004207960617532, "Train Learning rate": 2e-05}
{"Epoch": 10, "Test loss": 0.0008027284135175983, "Test Learning rate": 2e-05}
{"Epoch": 11, "Train loss": 0.00049375317703493, "Train Learning rate": 2e-05}
{"Epoch": 11, "Test loss": 0.0008044066719842858, "Test Learning rate": 2e-05}
{"Epoch": 12, "Train loss": 0.00048676192235791823, "Train Learning rate": 2e-05}
{"Epoch": 12, "Test loss": 0.000802048716588349, "Test Learning rate": 2e-05}
{"Epoch": 13, "Train loss": 0.0004797973882516138, "Train Learning rate": 2e-05}
{"Epoch": 13, "Test loss": 0.0008344573978009554, "Test Learning rate": 2e-05}
{"Epoch": 14, "Train loss": 0.0004716900065133585, "Train Learning rate": 2e-05}
{"Epoch": 14, "Test loss": 0.0007541128020646993, "Test Learning rate": 2e-05}
{"Epoch": 15, "Train loss": 0.00047032025883651785, "Train Learning rate": 2e-05}
{"Epoch": 15, "Test loss": 0.0007664049895006095, "Test Learning rate": 2e-05}
{"Epoch": 16, "Train loss": 0.00046344792903163837, "Train Learning rate": 2e-05}
{"Epoch": 16, "Test loss": 0.0007261382210282779, "Test Learning rate": 2e-05}
{"Epoch": 17, "Train loss": 0.00045637162113881097, "Train Learning rate": 2e-05}
{"Epoch": 17, "Test loss": 0.0007399986874881461, "Test Learning rate": 2e-05}
{"Epoch": 18, "Train loss": 0.00045384644326810266, "Train Learning rate": 2e-05}
{"Epoch": 18, "Test loss": 0.0007685531786694078, "Test Learning rate": 2e-05}
{"Epoch": 19, "Train loss": 0.00044542026924064, "Train Learning rate": 2e-05}
{"Epoch": 19, "Test loss": 0.0007070460013311254, "Test Learning rate": 2e-05}
{"Epoch": 20, "Train loss": 0.0004438712271189883, "Train Learning rate": 2e-05}
{"Epoch": 20, "Test loss": 0.00074273655459387, "Test Learning rate": 2e-05}
{"Epoch": 21, "Train loss": 0.00044070011605978833, "Train Learning rate": 2e-05}
{"Epoch": 21, "Test loss": 0.0007645629854445493, "Test Learning rate": 2e-05}
{"Epoch": 22, "Train loss": 0.00043435152786126623, "Train Learning rate": 2e-05}
{"Epoch": 22, "Test loss": 0.0007479614256945063, "Test Learning rate": 2e-05}
{"Epoch": 23, "Train loss": 0.000434113091448169, "Train Learning rate": 2e-05}
{"Epoch": 23, "Test loss": 0.0007323561132588799, "Test Learning rate": 2e-05}
{"Epoch": 24, "Train loss": 0.00042872592010894577, "Train Learning rate": 2e-05}
{"Epoch": 24, "Test loss": 0.0007037897241584355, "Test Learning rate": 2e-05}
{"Epoch": 25, "Train loss": 0.0004257134626436084, "Train Learning rate": 2e-05}
{"Epoch": 25, "Test loss": 0.0007005230706077205, "Test Learning rate": 2e-05}
{"Epoch": 26, "Train loss": 0.00042213312241594353, "Train Learning rate": 2e-05}
{"Epoch": 26, "Test loss": 0.0007369549115999068, "Test Learning rate": 2e-05}
{"Epoch": 27, "Train loss": 0.0004190112531812802, "Train Learning rate": 2e-05}
{"Epoch": 27, "Test loss": 0.0008360872304573848, "Test Learning rate": 2e-05}
{"Epoch": 28, "Train loss": 0.00041385649123944706, "Train Learning rate": 2e-05}
{"Epoch": 28, "Test loss": 0.0006963270249785061, "Test Learning rate": 2e-05}
{"Epoch": 29, "Train loss": 0.0004125386645984432, "Train Learning rate": 2e-05}
{"Epoch": 29, "Test loss": 0.0007032426404298237, "Test Learning rate": 2e-05}
