{"Epoch": 0, "Train loss": 0.0008422877104395407, "Train Learning rate": 2e-05}
{"Epoch": 0, "Test loss": 0.0010816506451924285, "Test Learning rate": 2e-05}
{"Epoch": 1, "Train loss": 0.0006736985618159818, "Train Learning rate": 2e-05}
{"Epoch": 1, "Test loss": 0.0009414061757085686, "Test Learning rate": 2e-05}
{"Epoch": 2, "Train loss": 0.0006054834101521319, "Train Learning rate": 2e-05}
{"Epoch": 2, "Test loss": 0.0009467478524133983, "Test Learning rate": 2e-05}
{"Epoch": 3, "Train loss": 0.0005659226632104516, "Train Learning rate": 2e-05}
{"Epoch": 3, "Test loss": 0.0008511709341198694, "Test Learning rate": 2e-05}
{"Epoch": 4, "Train loss": 0.0005391809321115182, "Train Learning rate": 2e-05}
{"Epoch": 4, "Test loss": 0.0008410974802937722, "Test Learning rate": 2e-05}
{"Epoch": 5, "Train loss": 0.0005169627873946118, "Train Learning rate": 2e-05}
{"Epoch": 5, "Test loss": 0.0007728354669411712, "Test Learning rate": 2e-05}
{"Epoch": 6, "Train loss": 0.0005019366934925692, "Train Learning rate": 2e-05}
{"Epoch": 6, "Test loss": 0.0008356311292282487, "Test Learning rate": 2e-05}
{"Epoch": 7, "Train loss": 0.000486874924387938, "Train Learning rate": 2e-05}
{"Epoch": 7, "Test loss": 0.0007557912278500182, "Test Learning rate": 2e-05}
{"Epoch": 8, "Train loss": 0.0004791776145234998, "Train Learning rate": 2e-05}
{"Epoch": 8, "Test loss": 0.0008520495600319786, "Test Learning rate": 2e-05}
{"Epoch": 9, "Train loss": 0.0004675078813450879, "Train Learning rate": 2e-05}
{"Epoch": 9, "Test loss": 0.0008138704236395225, "Test Learning rate": 2e-05}
{"Epoch": 10, "Train loss": 0.00045596689719951735, "Train Learning rate": 2e-05}
{"Epoch": 10, "Test loss": 0.0007630646961248514, "Test Learning rate": 2e-05}
{"Epoch": 11, "Train loss": 0.0004510269477059941, "Train Learning rate": 2e-05}
{"Epoch": 11, "Test loss": 0.000746085692953784, "Test Learning rate": 2e-05}
{"Epoch": 12, "Train loss": 0.00044313719095771754, "Train Learning rate": 2e-05}
{"Epoch": 12, "Test loss": 0.0007580040545747956, "Test Learning rate": 2e-05}
{"Epoch": 13, "Train loss": 0.00043774953175347694, "Train Learning rate": 2e-05}
{"Epoch": 13, "Test loss": 0.0007025240754379278, "Test Learning rate": 2e-05}
{"Epoch": 14, "Train loss": 0.0004327842565368777, "Train Learning rate": 2e-05}
{"Epoch": 14, "Test loss": 0.0007163269217473898, "Test Learning rate": 2e-05}
{"Epoch": 15, "Train loss": 0.0004291957232542439, "Train Learning rate": 2e-05}
{"Epoch": 15, "Test loss": 0.0007000526316533512, "Test Learning rate": 2e-05}
{"Epoch": 16, "Train loss": 0.0004263211558315525, "Train Learning rate": 2e-05}
{"Epoch": 16, "Test loss": 0.000709749498406692, "Test Learning rate": 2e-05}
{"Epoch": 17, "Train loss": 0.0004186970363681021, "Train Learning rate": 2e-05}
{"Epoch": 17, "Test loss": 0.0006798989444768067, "Test Learning rate": 2e-05}
{"Epoch": 18, "Train loss": 0.0004130156074464856, "Train Learning rate": 2e-05}
{"Epoch": 18, "Test loss": 0.0006868759345081522, "Test Learning rate": 2e-05}
{"Epoch": 19, "Train loss": 0.00041066155458474926, "Train Learning rate": 2e-05}
{"Epoch": 19, "Test loss": 0.000696589282796173, "Test Learning rate": 2e-05}
{"Epoch": 20, "Train loss": 0.0004092229236603734, "Train Learning rate": 2e-05}
{"Epoch": 20, "Test loss": 0.0006898833130821358, "Test Learning rate": 2e-05}
{"Epoch": 21, "Train loss": 0.00040476513901538863, "Train Learning rate": 2e-05}
{"Epoch": 21, "Test loss": 0.0006714218892987601, "Test Learning rate": 2e-05}
{"Epoch": 22, "Train loss": 0.00040284529677424145, "Train Learning rate": 2e-05}
{"Epoch": 22, "Test loss": 0.0006645803982015733, "Test Learning rate": 2e-05}
{"Epoch": 23, "Train loss": 0.00040224861775222824, "Train Learning rate": 2e-05}
{"Epoch": 23, "Test loss": 0.0007748623525584685, "Test Learning rate": 2e-05}
{"Epoch": 24, "Train loss": 0.00039867319189819335, "Train Learning rate": 2e-05}
{"Epoch": 24, "Test loss": 0.000671341653981405, "Test Learning rate": 2e-05}
{"Epoch": 25, "Train loss": 0.0003938966813394666, "Train Learning rate": 2e-05}
{"Epoch": 25, "Test loss": 0.0006574913931913992, "Test Learning rate": 2e-05}
{"Epoch": 26, "Train loss": 0.00039257453701617504, "Train Learning rate": 2e-05}
{"Epoch": 26, "Test loss": 0.0006465990407280226, "Test Learning rate": 2e-05}
{"Epoch": 27, "Train loss": 0.00038825414904499974, "Train Learning rate": 2e-05}
{"Epoch": 27, "Test loss": 0.0006725816209956708, "Test Learning rate": 2e-05}
{"Epoch": 28, "Train loss": 0.0003879763788878171, "Train Learning rate": 2e-05}
{"Epoch": 28, "Test loss": 0.0006707621453629477, "Test Learning rate": 2e-05}
{"Epoch": 29, "Train loss": 0.00038342440273372104, "Train Learning rate": 2e-05}
{"Epoch": 29, "Test loss": 0.0006490476487670093, "Test Learning rate": 2e-05}
