{"Epoch": 0, "Train loss": 0.001046263746780892, "Train Learning rate": 2e-05}
{"Epoch": 0, "Test loss": 0.0011673153633260304, "Test Learning rate": 2e-05}
{"Epoch": 1, "Train loss": 0.000708064687788446, "Train Learning rate": 2e-05}
{"Epoch": 1, "Test loss": 0.0010609261970683116, "Test Learning rate": 2e-05}
{"Epoch": 2, "Train loss": 0.0006544432804320081, "Train Learning rate": 2e-05}
{"Epoch": 2, "Test loss": 0.0010071013169682572, "Test Learning rate": 2e-05}
{"Epoch": 3, "Train loss": 0.0006217660311968366, "Train Learning rate": 2e-05}
{"Epoch": 3, "Test loss": 0.0009347242101524366, "Test Learning rate": 2e-05}
{"Epoch": 4, "Train loss": 0.000597387643146114, "Train Learning rate": 2e-05}
{"Epoch": 4, "Test loss": 0.0009264084979112362, "Test Learning rate": 2e-05}
{"Epoch": 5, "Train loss": 0.00058210677028287, "Train Learning rate": 2e-05}
{"Epoch": 5, "Test loss": 0.0009010742824643895, "Test Learning rate": 2e-05}
{"Epoch": 6, "Train loss": 0.0005643586106544123, "Train Learning rate": 2e-05}
{"Epoch": 6, "Test loss": 0.0008851696164723452, "Test Learning rate": 2e-05}
{"Epoch": 7, "Train loss": 0.0005493979620567784, "Train Learning rate": 2e-05}
{"Epoch": 7, "Test loss": 0.0009066034227229156, "Test Learning rate": 2e-05}
{"Epoch": 8, "Train loss": 0.0005405369258899175, "Train Learning rate": 2e-05}
{"Epoch": 8, "Test loss": 0.0008657512620975911, "Test Learning rate": 2e-05}
{"Epoch": 9, "Train loss": 0.0005294370602227954, "Train Learning rate": 2e-05}
{"Epoch": 9, "Test loss": 0.0008807930234172268, "Test Learning rate": 2e-05}
{"Epoch": 10, "Train loss": 0.0005193412029201276, "Train Learning rate": 2e-05}
{"Epoch": 10, "Test loss": 0.0008463906854953299, "Test Learning rate": 2e-05}
{"Epoch": 11, "Train loss": 0.0005137853473044356, "Train Learning rate": 2e-05}
{"Epoch": 11, "Test loss": 0.0008633736937971241, "Test Learning rate": 2e-05}
{"Epoch": 12, "Train loss": 0.0005066212312165877, "Train Learning rate": 2e-05}
{"Epoch": 12, "Test loss": 0.0008557692250001199, "Test Learning rate": 2e-05}
{"Epoch": 13, "Train loss": 0.0004986872968882231, "Train Learning rate": 2e-05}
{"Epoch": 13, "Test loss": 0.000849540714811954, "Test Learning rate": 2e-05}
{"Epoch": 14, "Train loss": 0.0004945716517742784, "Train Learning rate": 2e-05}
{"Epoch": 14, "Test loss": 0.0008279237285626928, "Test Learning rate": 2e-05}
{"Epoch": 15, "Train loss": 0.00048482472460859586, "Train Learning rate": 2e-05}
{"Epoch": 15, "Test loss": 0.000840266654179176, "Test Learning rate": 2e-05}
{"Epoch": 16, "Train loss": 0.00048134766689465573, "Train Learning rate": 2e-05}
{"Epoch": 16, "Test loss": 0.000852861059016815, "Test Learning rate": 2e-05}
{"Epoch": 17, "Train loss": 0.00047515872849595236, "Train Learning rate": 2e-05}
{"Epoch": 17, "Test loss": 0.0008443370622564278, "Test Learning rate": 2e-05}
{"Epoch": 18, "Train loss": 0.0004688521962429854, "Train Learning rate": 2e-05}
{"Epoch": 18, "Test loss": 0.0008463510907455291, "Test Learning rate": 2e-05}
{"Epoch": 19, "Train loss": 0.0004661636556991051, "Train Learning rate": 2e-05}
{"Epoch": 19, "Test loss": 0.0008355024329240422, "Test Learning rate": 2e-05}
{"Epoch": 20, "Train loss": 0.00046399716508315874, "Train Learning rate": 2e-05}
{"Epoch": 20, "Test loss": 0.0008321500941507644, "Test Learning rate": 2e-05}
{"Epoch": 21, "Train loss": 0.00045766864414738294, "Train Learning rate": 2e-05}
{"Epoch": 21, "Test loss": 0.0008380140864010616, "Test Learning rate": 2e-05}
{"Epoch": 22, "Train loss": 0.00045349610322818686, "Train Learning rate": 2e-05}
{"Epoch": 22, "Test loss": 0.0008092014075337807, "Test Learning rate": 2e-05}
{"Epoch": 23, "Train loss": 0.0004482020018020235, "Train Learning rate": 2e-05}
{"Epoch": 23, "Test loss": 0.0008371669948903173, "Test Learning rate": 2e-05}
{"Epoch": 24, "Train loss": 0.00044580541984424224, "Train Learning rate": 2e-05}
{"Epoch": 24, "Test loss": 0.0008237411572367929, "Test Learning rate": 2e-05}
{"Epoch": 25, "Train loss": 0.0004429779936303574, "Train Learning rate": 2e-05}
{"Epoch": 25, "Test loss": 0.0008419531930724966, "Test Learning rate": 2e-05}
{"Epoch": 26, "Train loss": 0.0004383178380117493, "Train Learning rate": 2e-05}
{"Epoch": 26, "Test loss": 0.0008313025205350685, "Test Learning rate": 2e-05}
{"Epoch": 27, "Train loss": 0.00043368433269219946, "Train Learning rate": 2e-05}
{"Epoch": 27, "Test loss": 0.0008351559463530642, "Test Learning rate": 2e-05}
{"Epoch": 28, "Train loss": 0.0004310558635376239, "Train Learning rate": 2e-05}
{"Epoch": 28, "Test loss": 0.0008303446996326717, "Test Learning rate": 2e-05}
{"Epoch": 29, "Train loss": 0.0004278779185753626, "Train Learning rate": 2e-05}
{"Epoch": 29, "Test loss": 0.000830891369227973, "Test Learning rate": 2e-05}
