{"Epoch": 0, "Train loss": 0.010441346095733346, "Train ssim": 0.0462659361435982, "Train mae": 10.441346095733346, "Train Learning rate": 2e-05}
{"Epoch": 0, "Test loss": 0.010385612605321335, "Test ssim": 0.04593501075738814, "Test mae": 10.385612605321334, "Test Learning rate": 2e-05}
{"Epoch": 1, "Train loss": 0.007732956557090165, "Train ssim": 0.021486509089644498, "Train mae": 7.732956557090165, "Train Learning rate": 2e-05}
{"Epoch": 1, "Test loss": 0.008482258501235487, "Test ssim": 0.023513412083067547, "Test mae": 8.482258501235487, "Test Learning rate": 2e-05}
{"Epoch": 2, "Train loss": 0.007299521123852407, "Train ssim": 0.019560827746501995, "Train mae": 7.299521123852407, "Train Learning rate": 2e-05}
{"Epoch": 2, "Test loss": 0.007781516521510373, "Test ssim": 0.021776257804254205, "Test mae": 7.7815165215103725, "Test Learning rate": 2e-05}
{"Epoch": 3, "Train loss": 0.007095765129738993, "Train ssim": 0.018871115883315345, "Train mae": 7.095765129738993, "Train Learning rate": 2e-05}
{"Epoch": 3, "Test loss": 0.00813290388255221, "Test ssim": 0.023783798741131294, "Test mae": 8.132903882552212, "Test Learning rate": 2e-05}
{"Epoch": 4, "Train loss": 0.006971403090128915, "Train ssim": 0.01852207120570775, "Train mae": 6.971403090128915, "Train Learning rate": 2e-05}
{"Epoch": 4, "Test loss": 0.007608994593752957, "Test ssim": 0.021830417964516617, "Test mae": 7.608994593752957, "Test Learning rate": 2e-05}
{"Epoch": 5, "Train loss": 0.006856997092185078, "Train ssim": 0.018224818567035655, "Train mae": 6.856997092185079, "Train Learning rate": 2e-05}
{"Epoch": 5, "Test loss": 0.007624032252195587, "Test ssim": 0.02157157285911281, "Test mae": 7.624032252195587, "Test Learning rate": 2e-05}
{"Epoch": 6, "Train loss": 0.006760107390669154, "Train ssim": 0.01798220455205917, "Train mae": 6.760107390669154, "Train Learning rate": 2e-05}
{"Epoch": 6, "Test loss": 0.007472506561543702, "Test ssim": 0.021559192501917117, "Test mae": 7.472506561543701, "Test Learning rate": 2e-05}
{"Epoch": 7, "Train loss": 0.0066680883927074785, "Train ssim": 0.017766325939580073, "Train mae": 6.668088392707478, "Train Learning rate": 2e-05}
{"Epoch": 7, "Test loss": 0.0076174160021516245, "Test ssim": 0.02140131421205474, "Test mae": 7.617416002151624, "Test Learning rate": 2e-05}
{"Epoch": 8, "Train loss": 0.006601390887819748, "Train ssim": 0.017613972323159473, "Train mae": 6.601390887819748, "Train Learning rate": 2e-05}
{"Epoch": 8, "Test loss": 0.007532686377284912, "Test ssim": 0.02148436385683897, "Test mae": 7.532686377284912, "Test Learning rate": 2e-05}
{"Epoch": 9, "Train loss": 0.006552456673975306, "Train ssim": 0.01750901321473698, "Train mae": 6.552456673975306, "Train Learning rate": 2e-05}
{"Epoch": 9, "Test loss": 0.007665543620610928, "Test ssim": 0.021652177259689424, "Test mae": 7.6655436206109275, "Test Learning rate": 2e-05}
{"Epoch": 10, "Train loss": 0.006512797438374663, "Train ssim": 0.017456207492385127, "Train mae": 6.512797438374663, "Train Learning rate": 2e-05}
{"Epoch": 10, "Test loss": 0.0076777296961943915, "Test ssim": 0.021895502907473868, "Test mae": 7.677729696194391, "Test Learning rate": 2e-05}
{"Epoch": 11, "Train loss": 0.006438376113033294, "Train ssim": 0.017307419900421624, "Train mae": 6.438376113033294, "Train Learning rate": 2e-05}
{"Epoch": 11, "Test loss": 0.0074345446400707815, "Test ssim": 0.02134743704301555, "Test mae": 7.434544640070781, "Test Learning rate": 2e-05}
{"Epoch": 12, "Train loss": 0.006401280791578966, "Train ssim": 0.017233004386057668, "Train mae": 6.401280791578967, "Train Learning rate": 2e-05}
{"Epoch": 12, "Test loss": 0.007306851739540878, "Test ssim": 0.020928618849777595, "Test mae": 7.306851739540878, "Test Learning rate": 2e-05}
{"Epoch": 13, "Train loss": 0.006346282582454358, "Train ssim": 0.017119464621749864, "Train mae": 6.346282582454358, "Train Learning rate": 2e-05}
{"Epoch": 13, "Test loss": 0.007415006857524376, "Test ssim": 0.021147655902839287, "Test mae": 7.415006857524376, "Test Learning rate": 2e-05}
{"Epoch": 14, "Train loss": 0.00632598135864212, "Train ssim": 0.017046187626321423, "Train mae": 6.325981358642119, "Train Learning rate": 2e-05}
{"Epoch": 14, "Test loss": 0.007396447098609514, "Test ssim": 0.020985013072083634, "Test mae": 7.3964470986095145, "Test Learning rate": 2e-05}
{"Epoch": 15, "Train loss": 0.00628073846868724, "Train ssim": 0.016954702050436945, "Train mae": 6.2807384686872405, "Train Learning rate": 2e-05}
{"Epoch": 15, "Test loss": 0.007696183549989833, "Test ssim": 0.02150305534281382, "Test mae": 7.696183549989833, "Test Learning rate": 2e-05}
{"Epoch": 16, "Train loss": 0.006264180507814026, "Train ssim": 0.016918169621521893, "Train mae": 6.264180507814027, "Train Learning rate": 2e-05}
{"Epoch": 16, "Test loss": 0.007268792854213133, "Test ssim": 0.020832751073488375, "Test mae": 7.2687928542131335, "Test Learning rate": 2e-05}
{"Epoch": 17, "Train loss": 0.006208628175499317, "Train ssim": 0.01681102483390688, "Train mae": 6.208628175499317, "Train Learning rate": 2e-05}
{"Epoch": 17, "Test loss": 0.007255929416590711, "Test ssim": 0.020898245333171472, "Test mae": 7.255929416590711, "Test Learning rate": 2e-05}
{"Epoch": 18, "Train loss": 0.006189817234308072, "Train ssim": 0.016779975151115213, "Train mae": 6.189817234308072, "Train Learning rate": 2e-05}
{"Epoch": 18, "Test loss": 0.007248374904142466, "Test ssim": 0.020814639388061152, "Test mae": 7.248374904142466, "Test Learning rate": 2e-05}
{"Epoch": 19, "Train loss": 0.006162417235455182, "Train ssim": 0.016714216309555906, "Train mae": 6.162417235455183, "Train Learning rate": 2e-05}
{"Epoch": 19, "Test loss": 0.007582428820385802, "Test ssim": 0.021449489673463308, "Test mae": 7.582428820385802, "Test Learning rate": 2e-05}
{"Epoch": 20, "Train loss": 0.006127889471968258, "Train ssim": 0.016642982356609992, "Train mae": 6.127889471968258, "Train Learning rate": 2e-05}
{"Epoch": 20, "Test loss": 0.007370537171458326, "Test ssim": 0.020897243015649842, "Test mae": 7.370537171458325, "Test Learning rate": 2e-05}
{"Epoch": 21, "Train loss": 0.006084307749499346, "Train ssim": 0.01653912135602751, "Train mae": 6.084307749499346, "Train Learning rate": 2e-05}
{"Epoch": 21, "Test loss": 0.0076160881819385216, "Test ssim": 0.021657588409214484, "Test mae": 7.6160881819385216, "Test Learning rate": 2e-05}
{"Epoch": 22, "Train loss": 0.006068141075515064, "Train ssim": 0.01648704570451987, "Train mae": 6.068141075515064, "Train Learning rate": 2e-05}
{"Epoch": 22, "Test loss": 0.00721256050633312, "Test ssim": 0.02083233490949724, "Test mae": 7.21256050633312, "Test Learning rate": 2e-05}
{"Epoch": 23, "Train loss": 0.006054020241584558, "Train ssim": 0.016453875189607923, "Train mae": 6.054020241584558, "Train Learning rate": 2e-05}
{"Epoch": 23, "Test loss": 0.007421009890939586, "Test ssim": 0.021037629777338446, "Test mae": 7.421009890939586, "Test Learning rate": 2e-05}
{"Epoch": 24, "Train loss": 0.0060207968312641575, "Train ssim": 0.01637273329314637, "Train mae": 6.020796831264158, "Train Learning rate": 2e-05}
{"Epoch": 24, "Test loss": 0.0073556332184546965, "Test ssim": 0.020975534894117496, "Test mae": 7.355633218454697, "Test Learning rate": 2e-05}
{"Epoch": 25, "Train loss": 0.006002543469727771, "Train ssim": 0.01632361696784781, "Train mae": 6.0025434697277715, "Train Learning rate": 2e-05}
{"Epoch": 25, "Test loss": 0.007229061713555782, "Test ssim": 0.020670812813247123, "Test mae": 7.229061713555782, "Test Learning rate": 2e-05}
{"Epoch": 26, "Train loss": 0.005981533648292918, "Train ssim": 0.01626769314567606, "Train mae": 5.981533648292918, "Train Learning rate": 2e-05}
{"Epoch": 26, "Test loss": 0.007334970335884974, "Test ssim": 0.020727864474785036, "Test mae": 7.334970335884973, "Test Learning rate": 2e-05}
{"Epoch": 27, "Train loss": 0.005963773436352872, "Train ssim": 0.016236269801380068, "Train mae": 5.963773436352871,