{"Epoch": 0, "Train loss": 0.012652566174216668, "Train ssim": 0.05991352504933781, "Train mae": 12.652566174216668, "Train Learning rate": 2e-05}
{"Epoch": 0, "Test loss": 0.009917269465854256, "Test ssim": 0.03601434637860554, "Test mae": 9.917269465854256, "Test Learning rate": 2e-05}
{"Epoch": 1, "Train loss": 0.008715745761553177, "Train ssim": 0.03170911454010241, "Train mae": 8.715745761553176, "Train Learning rate": 2e-05}
{"Epoch": 1, "Test loss": 0.010547088164745307, "Test ssim": 0.04966552102711143, "Test mae": 10.547088164745308, "Test Learning rate": 2e-05}
{"Epoch": 2, "Train loss": 0.008152733746070895, "Train ssim": 0.02713116222412103, "Train mae": 8.152733746070895, "Train Learning rate": 2e-05}
{"Epoch": 2, "Test loss": 0.00940489370534878, "Test ssim": 0.03233104531357928, "Test mae": 9.40489370534878, "Test Learning rate": 2e-05}
{"Epoch": 3, "Train loss": 0.007817133232258104, "Train ssim": 0.024626318557236536, "Train mae": 7.817133232258104, "Train Learning rate": 2e-05}
{"Epoch": 3, "Test loss": 0.008396483365809773, "Test ssim": 0.024293180078994937, "Test mae": 8.396483365809772, "Test Learning rate": 2e-05}
{"Epoch": 4, "Train loss": 0.007589917133746638, "Train ssim": 0.023323236563845138, "Train mae": 7.5899171337466385, "Train Learning rate": 2e-05}
{"Epoch": 4, "Test loss": 0.008503713781899977, "Test ssim": 0.02524603924373301, "Test mae": 8.503713781899977, "Test Learning rate": 2e-05}
{"Epoch": 5, "Train loss": 0.007401796765307614, "Train ssim": 0.022360734073593645, "Train mae": 7.401796765307614, "Train Learning rate": 2e-05}
{"Epoch": 5, "Test loss": 0.009199854075318066, "Test ssim": 0.03296802192926407, "Test mae": 9.199854075318067, "Test Learning rate": 2e-05}
{"Epoch": 6, "Train loss": 0.00725009945976049, "Train ssim": 0.021696667826514398, "Train mae": 7.25009945976049, "Train Learning rate": 2e-05}
{"Epoch": 6, "Test loss": 0.007975186324087767, "Test ssim": 0.02300199163396184, "Test mae": 7.975186324087766, "Test Learning rate": 2e-05}
{"Epoch": 7, "Train loss": 0.007104999321367877, "Train ssim": 0.02090750635358692, "Train mae": 7.104999321367877, "Train Learning rate": 2e-05}
{"Epoch": 7, "Test loss": 0.008683550392118532, "Test ssim": 0.02789724091204201, "Test mae": 8.683550392118532, "Test Learning rate": 2e-05}
{"Epoch": 8, "Train loss": 0.007033235084395197, "Train ssim": 0.02077513606691779, "Train mae": 7.033235084395197, "Train Learning rate": 2e-05}
{"Epoch": 8, "Test loss": 0.008832124290170103, "Test ssim": 0.030865103100858084, "Test mae": 8.832124290170103, "Test Learning rate": 2e-05}
{"Epoch": 9, "Train loss": 0.006920341465824522, "Train ssim": 0.020161343582248158, "Train mae": 6.920341465824522, "Train Learning rate": 2e-05}
{"Epoch": 9, "Test loss": 0.008534564602007045, "Test ssim": 0.02741770425220815, "Test mae": 8.534564602007045, "Test Learning rate": 2e-05}
{"Epoch": 10, "Train loss": 0.006834077122381362, "Train ssim": 0.019791660569203756, "Train mae": 6.834077122381362, "Train Learning rate": 2e-05}
{"Epoch": 10, "Test loss": 0.007730355990210139, "Test ssim": 0.022235453085201543, "Test mae": 7.730355990210139, "Test Learning rate": 2e-05}
{"Epoch": 11, "Train loss": 0.006784289418210375, "Train ssim": 0.019671086568732163, "Train mae": 6.784289418210375, "Train Learning rate": 2e-05}
{"Epoch": 11, "Test loss": 0.008229372187222287, "Test ssim": 0.02523585062928316, "Test mae": 8.229372187222285, "Test Learning rate": 2e-05}
{"Epoch": 12, "Train loss": 0.006732551132792534, "Train ssim": 0.019474107230830397, "Train mae": 6.732551132792533, "Train Learning rate": 2e-05}
{"Epoch": 12, "Test loss": 0.008381028759134252, "Test ssim": 0.02541090272548722, "Test mae": 8.381028759134251, "Test Learning rate": 2e-05}
{"Epoch": 13, "Train loss": 0.00665195735384583, "Train ssim": 0.019054625327054556, "Train mae": 6.65195735384583, "Train Learning rate": 2e-05}
{"Epoch": 13, "Test loss": 0.007679052158008988, "Test ssim": 0.021806814656025027, "Test mae": 7.6790521580089885, "Test Learning rate": 2e-05}
{"Epoch": 14, "Train loss": 0.0065956773870318244, "Train ssim": 0.0188026509561173, "Train mae": 6.595677387031825, "Train Learning rate": 2e-05}
{"Epoch": 14, "Test loss": 0.008266027908340641, "Test ssim": 0.02439293499399976, "Test mae": 8.266027908340641, "Test Learning rate": 2e-05}
{"Epoch": 15, "Train loss": 0.006573881117130491, "Train ssim": 0.018809687262747354, "Train mae": 6.573881117130491, "Train Learning rate": 2e-05}
{"Epoch": 15, "Test loss": 0.007557864585073619, "Test ssim": 0.021655070614524003, "Test mae": 7.557864585073619, "Test Learning rate": 2e-05}
{"Epoch": 16, "Train loss": 0.006513532269446488, "Train ssim": 0.0184631341942245, "Train mae": 6.513532269446489, "Train Learning rate": 2e-05}
{"Epoch": 16, "Test loss": 0.00768579169006155, "Test ssim": 0.02220365234991399, "Test mae": 7.68579169006155, "Test Learning rate": 2e-05}
{"Epoch": 17, "Train loss": 0.006482744323701565, "Train ssim": 0.018328072179214706, "Train mae": 6.4827443237015645, "Train Learning rate": 2e-05}
{"Epoch": 17, "Test loss": 0.007677458051319529, "Test ssim": 0.021967445975396693, "Test mae": 7.67745805131953, "Test Learning rate": 2e-05}
{"Epoch": 18, "Train loss": 0.006441790727800807, "Train ssim": 0.018220397180127447, "Train mae": 6.441790727800807, "Train Learning rate": 2e-05}
{"Epoch": 18, "Test loss": 0.0076461603472054735, "Test ssim": 0.021878856609507304, "Test mae": 7.646160347205473, "Test Learning rate": 2e-05}
{"Epoch": 19, "Train loss": 0.0064033061817311415, "Train ssim": 0.018039993261955, "Train mae": 6.403306181731142, "Train Learning rate": 2e-05}
{"Epoch": 19, "Test loss": 0.007544314270475652, "Test ssim": 0.021635143655102426, "Test mae": 7.5443142704756525, "Test Learning rate": 2e-05}
{"Epoch": 20, "Train loss": 0.006376601487775065, "Train ssim": 0.017938059232104977, "Train mae": 6.376601487775066, "Train Learning rate": 2e-05}
{"Epoch": 20, "Test loss": 0.00780203119931152, "Test ssim": 0.022426401943695256, "Test mae": 7.80203119931152, "Test Learning rate": 2e-05}
{"Epoch": 21, "Train loss": 0.006359380709355795, "Train ssim": 0.017888145149098336, "Train mae": 6.359380709355794, "Train Learning rate": 2e-05}
{"Epoch": 21, "Test loss": 0.0080243887009508, "Test ssim": 0.022877664791374673, "Test mae": 8.0243887009508, "Test Learning rate": 2e-05}
{"Epoch": 22, "Train loss": 0.006332505582265993, "Train ssim": 0.017800329585677347, "Train mae": 6.332505582265993, "Train Learning rate": 2e-05}
{"Epoch": 22, "Test loss": 0.007710007690688277, "Test ssim": 0.021881076162908134, "Test mae": 7.710007690688277, "Test Learning rate": 2e-05}
{"Epoch": 23, "Train loss": 0.006299007692503693, "Train ssim": 0.01764341307467086, "Train mae": 6.299007692503693, "Train Learning rate": 2e-05}
{"Epoch": 23, "Test loss": 0.007982196764248174, "Test ssim": 0.02328961933531412, "Test mae": 7.982196764248173, "Test Learning rate": 2e-05}
{"Epoch": 24, "Train loss": 0.0062761090041146194, "Train ssim": 0.017567399139697844, "Train mae": 6.276109004114619, "Train Learning rate": 2e-05}
{"Epoch": 24, "Test loss": 0.007930074813094263, "Test ssim": 0.023076769295262128, "Test mae": 7.930074813094262, "Test Learning rate": 2e-05}
{"Epoch": 25, "Train loss": 0.006254091153554786, "Train ssim": 0.01750865204831584, "Train mae": 6.2540911535547865, "Train Learning rate": 2e-05}
{"Epoch": 25, "Test loss": 0.007802353703257878, "Test ssim": 0.022350205342944074, "Test mae": 7.802353703257878, "Test Learning rate": 2e-05}
{"Epoch": 26, "Train loss": 0.006246314403082729, "Train ssim": 0.01750938406226596, "Train mae": 6.246314403082729, "Train Learning rate": 2e-05}
{"Epoch": 26, "Test loss": 0.008027104692669903, "Test ssim": 0.02327323968090662, "Test mae": 8.027104692669903, "Test Learning rate": 2e-05}
{"Epoch": 27, "Train loss": 0.006217838284848045, "Train ssim": 0.017368144352487284, "Train mae": 6.217838284848045, "Train Learning rate": 2e-05}
{"Epoch": 27,