{"Epoch": 0, "Train loss": 0.6006315666696, "Train ssim": 0.693926543895767, "Train mae": 600.6315666696, "Train Learning rate": 2e-05}
{"Epoch": 0, "Test loss": 0.44818653666391606, "Test ssim": 0.6857119416899797, "Test mae": 448.18653666391606, "Test Learning rate": 2e-05}
{"Epoch": 1, "Train loss": 0.26121904681395625, "Train ssim": 0.6398435782087843, "Train mae": 261.21904681395625, "Train Learning rate": 2e-05}
{"Epoch": 1, "Test loss": 0.09145536815157024, "Test ssim": 0.558928955982371, "Test mae": 91.45536815157024, "Test Learning rate": 2e-05}
{"Epoch": 2, "Train loss": 0.05688567110869778, "Train ssim": 0.2917685870224897, "Train mae": 56.88567110869778, "Train Learning rate": 2e-05}
{"Epoch": 2, "Test loss": 0.051231427001880436, "Test ssim": 0.21500649192711202, "Test mae": 51.231427001880434, "Test Learning rate": 2e-05}
{"Epoch": 3, "Train loss": 0.05006915948649089, "Train ssim": 0.15850053050035307, "Train mae": 50.06915948649089, "Train Learning rate": 2e-05}
{"Epoch": 3, "Test loss": 0.047688987370943875, "Test ssim": 0.1506917839878943, "Test mae": 47.68898737094388, "Test Learning rate": 2e-05}
{"Epoch": 4, "Train loss": 0.046922948812574514, "Train ssim": 0.1131672087611902, "Train mae": 46.92294881257452, "Train Learning rate": 2e-05}
{"Epoch": 4, "Test loss": 0.04428977885760549, "Test ssim": 0.0883625238043506, "Test mae": 44.289778857605484, "Test Learning rate": 2e-05}
{"Epoch": 5, "Train loss": 0.044190289201608605, "Train ssim": 0.09194697987664294, "Train mae": 44.19028920160861, "Train Learning rate": 2e-05}
{"Epoch": 5, "Test loss": 0.04207698284671074, "Test ssim": 0.08009414047729678, "Test mae": 42.07698284671074, "Test Learning rate": 2e-05}
{"Epoch": 6, "Train loss": 0.041658288053458274, "Train ssim": 0.08072067932977663, "Train mae": 41.65828805345828, "Train Learning rate": 2e-05}
{"Epoch": 6, "Test loss": 0.040627752871411606, "Test ssim": 0.07948530392675865, "Test mae": 40.6277528714116, "Test Learning rate": 2e-05}
{"Epoch": 7, "Train loss": 0.03933995766385565, "Train ssim": 0.0684741329282116, "Train mae": 39.33995766385566, "Train Learning rate": 2e-05}
{"Epoch": 7, "Test loss": 0.03820829507872099, "Test ssim": 0.06898820073139376, "Test mae": 38.20829507872099, "Test Learning rate": 2e-05}
{"Epoch": 8, "Train loss": 0.03706202890614655, "Train ssim": 0.05843590303556725, "Train mae": 37.062028906146544, "Train Learning rate": 2e-05}
{"Epoch": 8, "Test loss": 0.03551122223504069, "Test ssim": 0.045938381102026964, "Test mae": 35.51122223504069, "Test Learning rate": 2e-05}
{"Epoch": 9, "Train loss": 0.03547176622944183, "Train ssim": 0.05293314749248916, "Train mae": 35.471766229441826, "Train Learning rate": 2e-05}
{"Epoch": 9, "Test loss": 0.034780134057580694, "Test ssim": 0.04157517235453536, "Test mae": 34.780134057580696, "Test Learning rate": 2e-05}
{"Epoch": 10, "Train loss": 0.029656723396014443, "Train ssim": 0.06309668344916028, "Train mae": 29.656723396014442, "Train Learning rate": 2e-05}
{"Epoch": 10, "Test loss": 0.023008139818089038, "Test ssim": 0.056877894118064785, "Test mae": 23.008139818089038, "Test Learning rate": 2e-05}
{"Epoch": 11, "Train loss": 0.017880484219433963, "Train ssim": 0.04427163452288658, "Train mae": 17.880484219433963, "Train Learning rate": 2e-05}
{"Epoch": 11, "Test loss": 0.014538220292547853, "Test ssim": 0.03287460487790224, "Test mae": 14.538220292547853, "Test Learning rate": 2e-05}
{"Epoch": 12, "Train loss": 0.012625118502200366, "Train ssim": 0.03491831709927459, "Train mae": 12.625118502200365, "Train Learning rate": 2e-05}
{"Epoch": 12, "Test loss": 0.011772158852573938, "Test ssim": 0.033034292103313816, "Test mae": 11.772158852573938, "Test Learning rate": 2e-05}
{"Epoch": 13, "Train loss": 0.01025310501373541, "Train ssim": 0.03257855671600151, "Train mae": 10.25310501373541, "Train Learning rate": 2e-05}
{"Epoch": 13, "Test loss": 0.010435159950766985, "Test ssim": 0.03407477407920651, "Test mae": 10.435159950766986, "Test Learning rate": 2e-05}
{"Epoch": 14, "Train loss": 0.009062044146778584, "Train ssim": 0.029001280193820124, "Train mae": 9.062044146778584, "Train Learning rate": 2e-05}
{"Epoch": 14, "Test loss": 0.009591551517795135, "Test ssim": 0.028457193883453927, "Test mae": 9.591551517795136, "Test Learning rate": 2e-05}
{"Epoch": 15, "Train loss": 0.008573960762433957, "Train ssim": 0.026996144122616417, "Train mae": 8.573960762433957, "Train Learning rate": 2e-05}
{"Epoch": 15, "Test loss": 0.0093584995873545, "Test ssim": 0.027126485683569092, "Test mae": 9.3584995873545, "Test Learning rate": 2e-05}
{"Epoch": 16, "Train loss": 0.008291003098327355, "Train ssim": 0.02568430373164186, "Train mae": 8.291003098327353, "Train Learning rate": 2e-05}
{"Epoch": 16, "Test loss": 0.009342175307570071, "Test ssim": 0.028876328817227993, "Test mae": 9.34217530757007, "Test Learning rate": 2e-05}
{"Epoch": 17, "Train loss": 0.008073037641139503, "Train ssim": 0.02465952575537205, "Train mae": 8.073037641139504, "Train Learning rate": 2e-05}
{"Epoch": 17, "Test loss": 0.009084915310008133, "Test ssim": 0.02843507807429244, "Test mae": 9.084915310008133, "Test Learning rate": 2e-05}
{"Epoch": 18, "Train loss": 0.007902866251600813, "Train ssim": 0.02394470248907481, "Train mae": 7.902866251600812, "Train Learning rate": 2e-05}
{"Epoch": 18, "Test loss": 0.008879451403485202, "Test ssim": 0.02660192797096764, "Test mae": 8.879451403485202, "Test Learning rate": 2e-05}
{"Epoch": 19, "Train loss": 0.007766216240329963, "Train ssim": 0.023364176117030046, "Train mae": 7.766216240329963, "Train Learning rate": 2e-05}
{"Epoch": 19, "Test loss": 0.008954481414133093, "Test ssim": 0.0277192016636453, "Test mae": 8.954481414133092, "Test Learning rate": 2e-05}
{"Epoch": 20, "Train loss": 0.007664617806029579, "Train ssim": 0.022920914250754078, "Train mae": 7.664617806029579, "Train Learning rate": 2e-05}
{"Epoch": 20, "Test loss": 0.008721213837540367, "Test ssim": 0.027080397925725797, "Test mae": 8.721213837540368, "Test Learning rate": 2e-05}
{"Epoch": 21, "Train loss": 0.007567229856644235, "Train ssim": 0.022551349459095954, "Train mae": 7.567229856644235, "Train Learning rate": 2e-05}
{"Epoch": 21, "Test loss": 0.0095468537893328, "Test ssim": 0.03343681176261204, "Test mae": 9.5468537893328, "Test Learning rate": 2e-05}
{"Epoch": 22, "Train loss": 0.007502511061542877, "Train ssim": 0.022284477940537027, "Train mae": 7.502511061542877, "Train Learning rate": 2e-05}
{"Epoch": 22, "Test loss": 0.008571195911116353, "Test ssim": 0.025386858553421206, "Test mae": 8.571195911116353, "Test Learning rate": 2e-05}
{"Epoch": 23, "Train loss": 0.007429455327565295, "Train ssim": 0.021954420238877864, "Train mae": 7.429455327565295, "Train Learning rate": 2e-05}
{"Epoch": 23, "Test loss": 0.008767653938564586, "Test ssim": 0.02611561711968445, "Test mae": 8.767653938564585, "Test Learning rate": 2e-05}
{"Epoch": 24, "Train loss": 0.007359136968378759, "Train ssim": 0.02166928690323573, "Train mae": 7.359136968378759, "Train Learning rate": 2e-05}
{"Epoch": 24, "Test loss": 0.008579687502734908, "Test ssim": 0.0251887152907325, "Test mae": 8.579687502734908, "Test Learning rate": 2e-05}
{"Epoch": 25, "Train loss": 0.00729600559561011, "Train ssim": 0.021387861206435696, "Train mae": 7.296005595610111, "Train Learning rate": 2e-05}
{"Epoch": 25, "Test loss": 0.008691603344660707, "Test ssim": 0.026079658727820327, "Test mae": 8.691603344660706, "Test Learning rate": 2e-05}
{"Epoch": 26, "Train loss": 0.0072643958493812475, "Train ssim": 0.021338662633887062, "Train mae": 7.2643958493812475, "Train Learning rate": 2e-05}
{"Epoch": 26, "Test loss": 0.008533550093359337, "Test ssim": 0.02503269085796868, "Test mae": 8.533550093359336, "Test Learning rate": 2e-05}
{"Epoch": 27, "Train loss": 0.007196069545684058, "Train ssim": 0.02099503507567873, "Train mae": 7.196069545684058, "Train Learning rate": 2e-05}
{"Epoch": 27, "Test loss": 0.008558312704468645,