{"Epoch": 0, "Train loss": 0.046666915651264955, "Train ssim": 0.26089073543248154, "Train mae": 46.66691565126496, "Train Learning rate": 2e-05}
{"Epoch": 0, "Test loss": 0.013755028565845838, "Test ssim": 0.06713507227781343, "Test mae": 13.755028565845839, "Test Learning rate": 2e-05}
{"Epoch": 1, "Train loss": 0.013332021240786933, "Train ssim": 0.0838325129033209, "Train mae": 13.332021240786933, "Train Learning rate": 2e-05}
{"Epoch": 1, "Test loss": 0.012831038120316296, "Test ssim": 0.06298988198361746, "Test mae": 12.831038120316297, "Test Learning rate": 2e-05}
{"Epoch": 2, "Train loss": 0.010996844969753526, "Train ssim": 0.05713650700738398, "Train mae": 10.996844969753527, "Train Learning rate": 2e-05}
{"Epoch": 2, "Test loss": 0.009804180780107655, "Test ssim": 0.037170461663385716, "Test mae": 9.804180780107655, "Test Learning rate": 2e-05}
{"Epoch": 3, "Train loss": 0.009860349439658835, "Train ssim": 0.044877761119120826, "Train mae": 9.860349439658835, "Train Learning rate": 2e-05}
{"Epoch": 3, "Test loss": 0.010858943390364691, "Test ssim": 0.05222818193639197, "Test mae": 10.85894339036469, "Test Learning rate": 2e-05}
{"Epoch": 4, "Train loss": 0.00924657418366352, "Train ssim": 0.037076681394531866, "Train mae": 9.24657418366352, "Train Learning rate": 2e-05}
{"Epoch": 4, "Test loss": 0.00872739102441545, "Test ssim": 0.025771414230509503, "Test mae": 8.72739102441545, "Test Learning rate": 2e-05}
{"Epoch": 5, "Train loss": 0.008815509082174966, "Train ssim": 0.03364533062384899, "Train mae": 8.815509082174966, "Train Learning rate": 2e-05}
{"Epoch": 5, "Test loss": 0.01086302941506047, "Test ssim": 0.04999363279197274, "Test mae": 10.86302941506047, "Test Learning rate": 2e-05}
{"Epoch": 6, "Train loss": 0.008461348740465734, "Train ssim": 0.030716106479741816, "Train mae": 8.461348740465734, "Train Learning rate": 2e-05}
{"Epoch": 6, "Test loss": 0.010775618125661844, "Test ssim": 0.0506110547810066, "Test mae": 10.775618125661843, "Test Learning rate": 2e-05}
{"Epoch": 7, "Train loss": 0.008157603664016688, "Train ssim": 0.027944189541732008, "Train mae": 8.157603664016689, "Train Learning rate": 2e-05}
{"Epoch": 7, "Test loss": 0.009232447132604515, "Test ssim": 0.027387703991517787, "Test mae": 9.232447132604515, "Test Learning rate": 2e-05}
{"Epoch": 8, "Train loss": 0.007986409224576359, "Train ssim": 0.02686753482672931, "Train mae": 7.986409224576359, "Train Learning rate": 2e-05}
{"Epoch": 8, "Test loss": 0.008615019689881947, "Test ssim": 0.024000732738797256, "Test mae": 8.615019689881947, "Test Learning rate": 2e-05}
{"Epoch": 9, "Train loss": 0.007862211316451775, "Train ssim": 0.02652203512814117, "Train mae": 7.862211316451774, "Train Learning rate": 2e-05}
{"Epoch": 9, "Test loss": 0.008082032627539664, "Test ssim": 0.022791546554100223, "Test mae": 8.082032627539665, "Test Learning rate": 2e-05}
{"Epoch": 10, "Train loss": 0.007667174148957937, "Train ssim": 0.02505867155671092, "Train mae": 7.667174148957937, "Train Learning rate": 2e-05}
{"Epoch": 10, "Test loss": 0.008127535712087481, "Test ssim": 0.022776178157911067, "Test mae": 8.127535712087482, "Test Learning rate": 2e-05}
{"Epoch": 11, "Train loss": 0.007585689111007238, "Train ssim": 0.024586350822054945, "Train mae": 7.5856891110072375, "Train Learning rate": 2e-05}
{"Epoch": 11, "Test loss": 0.009659916973650092, "Test ssim": 0.03375552992268306, "Test mae": 9.659916973650091, "Test Learning rate": 2e-05}
{"Epoch": 12, "Train loss": 0.007438949688398949, "Train ssim": 0.02353110186433814, "Train mae": 7.438949688398949, "Train Learning rate": 2e-05}
{"Epoch": 12, "Test loss": 0.008750234229899035, "Test ssim": 0.028026440957697428, "Test mae": 8.750234229899034, "Test Learning rate": 2e-05}
{"Epoch": 13, "Train loss": 0.0072834876218699236, "Train ssim": 0.022458268011530544, "Train mae": 7.283487621869924, "Train Learning rate": 2e-05}
{"Epoch": 13, "Test loss": 0.007952767024157432, "Test ssim": 0.022531402648949043, "Test mae": 7.952767024157432, "Test Learning rate": 2e-05}
{"Epoch": 14, "Train loss": 0.007253502277331674, "Train ssim": 0.022380004841107148, "Train mae": 7.253502277331674, "Train Learning rate": 2e-05}
{"Epoch": 14, "Test loss": 0.008168449237397532, "Test ssim": 0.023823844470628876, "Test mae": 8.168449237397532, "Test Learning rate": 2e-05}
{"Epoch": 15, "Train loss": 0.007180893597377326, "Train ssim": 0.0221096402721307, "Train mae": 7.1808935973773265, "Train Learning rate": 2e-05}
{"Epoch": 15, "Test loss": 0.008917862123060154, "Test ssim": 0.026007118494045443, "Test mae": 8.917862123060154, "Test Learning rate": 2e-05}
{"Epoch": 16, "Train loss": 0.007094671733868966, "Train ssim": 0.021414155308755282, "Train mae": 7.0946717338689655, "Train Learning rate": 2e-05}
{"Epoch": 16, "Test loss": 0.007769645721447177, "Test ssim": 0.021862989220677354, "Test mae": 7.769645721447177, "Test Learning rate": 2e-05}
{"Epoch": 17, "Train loss": 0.007042856343939997, "Train ssim": 0.02130490692913684, "Train mae": 7.042856343939998, "Train Learning rate": 2e-05}
{"Epoch": 17, "Test loss": 0.007773631401360035, "Test ssim": 0.021749410752843066, "Test mae": 7.773631401360035, "Test Learning rate": 2e-05}
{"Epoch": 18, "Train loss": 0.007003311084667412, "Train ssim": 0.021107390397317582, "Train mae": 7.003311084667412, "Train Learning rate": 2e-05}
{"Epoch": 18, "Test loss": 0.008002204813244866, "Test ssim": 0.02283398896455765, "Test mae": 8.002204813244866, "Test Learning rate": 2e-05}
{"Epoch": 19, "Train loss": 0.006932885911881809, "Train ssim": 0.020652089793760854, "Train mae": 6.932885911881809, "Train Learning rate": 2e-05}
{"Epoch": 19, "Test loss": 0.008284803297506964, "Test ssim": 0.024886791546170305, "Test mae": 8.284803297506963, "Test Learning rate": 2e-05}
{"Epoch": 20, "Train loss": 0.006875003097140221, "Train ssim": 0.020403562150215767, "Train mae": 6.875003097140222, "Train Learning rate": 2e-05}
{"Epoch": 20, "Test loss": 0.007631308829025706, "Test ssim": 0.021568896661444407, "Test mae": 7.6313088290257065, "Test Learning rate": 2e-05}
{"Epoch": 21, "Train loss": 0.0068236695417035415, "Train ssim": 0.020045343928467626, "Train mae": 6.823669541703542, "Train Learning rate": 2e-05}
{"Epoch": 21, "Test loss": 0.007762949182197634, "Test ssim": 0.02192017624290978, "Test mae": 7.762949182197634, "Test Learning rate": 2e-05}
{"Epoch": 22, "Train loss": 0.00678626761932176, "Train ssim": 0.019922520577232896, "Train mae": 6.78626761932176, "Train Learning rate": 2e-05}
{"Epoch": 22, "Test loss": 0.0075778791364055215, "Test ssim": 0.021298967519911324, "Test mae": 7.577879136405522, "Test Learning rate": 2e-05}
{"Epoch": 23, "Train loss": 0.006689116063926947, "Train ssim": 0.01933393947010807, "Train mae": 6.689116063926948, "Train Learning rate": 2e-05}
{"Epoch": 23, "Test loss": 0.008003057613060242, "Test ssim": 0.022631632663854737, "Test mae": 8.003057613060243, "Test Learning rate": 2e-05}
{"Epoch": 24, "Train loss": 0.006680259110407009, "Train ssim": 0.019413798543191942, "Train mae": 6.680259110407009, "Train Learning rate": 2e-05}
{"Epoch": 24, "Test loss": 0.007809275555674259, "Test ssim": 0.022332641685881265, "Test mae": 7.809275555674259, "Test Learning rate": 2e-05}
{"Epoch": 25, "Train loss": 0.00666556562203247, "Train ssim": 0.019391947828420842, "Train mae": 6.66556562203247, "Train Learning rate": 2e-05}
{"Epoch": 25, "Test loss": 0.008795471193450616, "Test ssim": 0.029360584405864157, "Test mae": 8.795471193450616, "Test Learning rate": 2e-05}
{"Epoch": 26, "Train loss": 0.006583161511644872, "Train ssim": 0.018886739043460814, "Train mae": 6.583161511644872, "Train Learning rate": 2e-05}
{"Epoch": 26, "Test loss": 0.008091388443348611, "Test ssim": 0.0235310352793554, "Test mae": 8.091388443348611, "Test Learning rate": 2e-05}
{"Epoch": 27, "Train loss": 0.006580356909963587, "Train ssim": 0.018986986870439645, "Train mae": 6.580356909963587,